COMMIT	UNIQUE_CWES	CWE_IDS
006cefd9fc405188846f0675b51a9e4a60b3cd35	5	78, 259, 330, 605, 703
020c677e26b45c6481a994864280663f582850fc	4	78, 259, 330, 703
02b6e367b1af6e02d8c7f897a15ed08510fbdfd3	5	78, 259, 330, 605, 703
02d451da3d3e51e017cfff47c4f28f5b757ba02c	5	78, 259, 330, 605, 703
03fa590152369c5f5fa7141fac30b58bafb1c91b	4	78, 259, 330, 703
04703e4d7e91522093d05fef91ec63ec63c17e7f	4	78, 259, 330, 703
05e38dcf714b5a50844bf45d4d25e4505ca2a6f4	4	78, 259, 330, 703
063b3f4f45f2d224e0902ce46ed6095b181eb9f6	4	78, 259, 330, 703
064c0ba9ff18e52c144977d5d8f1c33691c39427	4	78, 259, 330, 703
065898e79cce23ec4b0bf2587428d68c69ac92da	5	78, 259, 330, 605, 703
06961a0aa1f075262a940249adb4e568eb0711d6	4	78, 259, 330, 703
07278be93ceb7735493ac35475491686176a9c7b	5	78, 259, 330, 605, 703
08404189801ac2e7c14c6ba2cc2a6454f03445cc	5	78, 259, 330, 605, 703
08438309f7f1e61cbe87a0f07e8f0f9cdb8b7839	4	78, 259, 330, 703
088ff3475ce3ac80924b2162179fe9689d5a7d83	4	78, 259, 330, 703
0a74331d6e38c746e43df7e264cc742aca987ee4	4	78, 259, 330, 703
0a86bfd62dda5e116108cb430f34c02984580192	4	78, 259, 330, 703
0a88403a379309fc83d5edc40510be73db6a4ebb	4	78, 259, 330, 703
0af92da76c998d2d5dfc267dadb984e4af5cb09f	4	78, 259, 330, 703
0b4514516bd61b9d23aad2f9921288a491735b35	4	78, 259, 330, 703
0cb514e9176b3378dd4cf7dabfcac7762f47c28c	4	78, 259, 330, 703
0d3b951d553d9f3c7365d0b41f7f91b75f1bb83d	4	78, 259, 330, 703
0d3e4c12ed8ddf0f5a2f447afea06bfd3fa125e9	5	78, 259, 330, 605, 703
0dd1f7233b3c463c931e01fe00d3cc9e24789291	4	78, 259, 330, 703
0e427ddbebe0625e82ebc00fb6711cd2ff80d554	5	78, 259, 330, 605, 703
0e61ad8dfdbdeb0fd8e8fb129e919cea7afd0b2a	5	78, 259, 330, 605, 703
0f0ff08a9952a8a690c200c3ef7e52edc381146f	4	78, 259, 330, 703
0fb34b7b0f8466e5129e776b68b0579503aa8e81	4	78, 259, 330, 703
1117ffe74b6c1232e3e048e6048819985c19be85	5	78, 259, 330, 605, 703
1135676acd05e8298bf985875c194e18b8ec44af	4	78, 259, 330, 703
1220a742917d37f2f9377bb22909c3a12deb47fd	4	78, 259, 330, 703
139aae6c23afaf223161e12d7b666d7332239e06	5	78, 259, 330, 605, 703
15e5292d21f1fde70a4cdb428c25db0192b5b7f0	5	78, 259, 330, 605, 703
162024fad3fcbad047ac26bed121dd6ce8da8d06	5	78, 259, 330, 605, 703
176899775fc4b247326374d893dbd676bbb8cde2	4	78, 259, 330, 703
17d72755c15eaeb1171d5dfc4366d7f14dffc706	5	78, 259, 330, 605, 703
181fd08fa735181d46c4b85d47a9aefdbaf4b157	5	78, 259, 330, 605, 703
18b9ce123042bec808b7f2736fa8f4549afe2493	5	78, 259, 330, 605, 703
18cde0c099bd8af04073402062a905502de839e2	4	78, 259, 330, 703
191577898a70ed830d195fa6dc3692d09f5a2532	4	78, 259, 330, 703
194500a8963a8528c6eef2637c6edf2b49dda797	4	78, 259, 330, 703
19c2596e1bf4a0be46256fefa653452235529d92	5	78, 259, 330, 605, 703
19c6f78d040ed7c429f740a8e71232c45c10e760	4	78, 259, 330, 703
1a25a844905b74fd236d3018c6d9fb595b880908	4	78, 259, 330, 703
1ac287f4a84cc75950955f2b512c75884669083a	5	78, 259, 330, 605, 703
1aef871e678b028e45dccedaf4c59ad26a71f961	5	78, 259, 330, 605, 703
1cfe245af9587f5a44154d6240a86c119735ff98	5	78, 259, 330, 605, 703
1d2ac92b6eee29677c25264b69c57e1d6f5c3a2d	4	78, 259, 330, 703
1d43123a0fb7c39341ea55507d22406c87b5be39	4	78, 259, 330, 703
1dcf31c4f9845fd3c2b5b385ff5c6682220376ee	5	78, 259, 330, 605, 703
1f03d2f3aa03780971cc23731cf2adb71e7e1dfb	4	78, 259, 330, 703
1f6e24c57c97456900baada95234bc7ce184c5be	4	78, 259, 330, 703
1fd86d5458aa95aaa0bd24e5c2f84d93d59a3574	4	78, 259, 330, 703
204e4227088a56a1cd21d06167ff3e15e204ca1b	4	78, 259, 330, 703
20c1c4ec8de2a36a0640ad071e003f843c5c6c75	5	78, 259, 330, 605, 703
217f09238c903a6fdc18e9d793d73953a68fdecf	5	78, 259, 330, 605, 703
22818f7b77a168a95112ccf51aadd41405edf006	5	78, 259, 330, 605, 703
23b35ff96d486e0d0fd3f9cc4364535bf7ba9d0b	4	78, 259, 330, 703
23d4e85a506eaeaff315e855be12f8dbe47a7ec3	5	78, 259, 330, 605, 703
23e6404876cc83baa3516eba29d4ec0a6b965fe5	5	78, 259, 330, 605, 703
24357bd7776a230448198a2dd50b3a3def0aafd0	4	78, 259, 330, 703
25da9ad92062537d5f98e8e2aa6db1f16e7d8c56	5	78, 259, 330, 605, 703
27d53fbb4cba6cc79c62daf86f70cb23c7686e32	5	78, 259, 330, 605, 703
298f5b3dcebb0f4d09c2ab2c786115dbf38cadd4	4	78, 259, 330, 703
29b310d1a36ca39afe0acfe7b8189440dbf1f4f0	5	78, 259, 330, 605, 703
2a04d4227f1bcf74ca2fe85ace649d8b6238d900	4	78, 259, 330, 703
2a129ba80efc25fca6ac58411c8df2457655cdc2	5	78, 259, 330, 605, 703
2a4bf81387f56151564f2738d9aede298ee4af4d	4	78, 259, 330, 703
2a664a8268b130c5489fce955e31af8fc77224c4	5	78, 259, 330, 605, 703
2aab93d952139aa9b4eb135654cb015046c01272	4	78, 259, 330, 703
2b395f1688c8b572d81cbda7e392c87774ad4e6a	4	78, 259, 330, 703
2c04f10b6322754e3071b9bd0106f0785b3c64ce	5	78, 259, 330, 605, 703
2d3faffc21096cfec4b4871e94ad6972aa5f16c8	5	78, 259, 330, 605, 703
2dbf296f558b61798fabd0b5f84fa761b609a68e	5	78, 259, 330, 605, 703
2e15a6b75cf84f4ffdd560ad03a98df39f0b92d4	4	78, 259, 330, 703
2e350115639cb0f88085548c59b61569e5a0f9ee	4	78, 259, 330, 703
2f0aad79285997dacd0a3c49555be4743d09856d	4	78, 259, 330, 703
2f361dd92e83768df85a14e3147e6aa6f770150e	5	78, 259, 330, 605, 703
2f5951ea99ed7e722812232bb632336cc4ccc498	4	78, 259, 330, 703
2f84f0399de525d35e38bb6da75489343a280ce3	5	78, 259, 330, 605, 703
2f8be626a187724076ab7b603dd33d6f3f7273b9	5	78, 259, 330, 605, 703
30512d9b181fb840dd3d7c39ecb182c257dcdf12	5	78, 259, 330, 605, 703
306b2060f823efbbf99c55e3e544192f7f01dd3b	4	78, 259, 330, 703
3074384b640291e68114584ffbc13b14ff311a07	5	78, 259, 330, 605, 703
30ca4ae2e6133bbfa0120feeda2066647132a19e	5	78, 259, 330, 605, 703
3105528f04c0f6d30d6a30ba935173a8a09718f2	4	78, 259, 330, 703
3140b770485be4ab696904f2fc1f212e09b4dcfc	4	78, 259, 330, 703
31be897692d6fb072ff71564de301c6dde521c76	4	78, 259, 330, 703
31c9781a67a24b419024933d209c374516da97c9	4	78, 259, 330, 703
321d492d45fddec06a458af14bc657edc6cab1fa	5	78, 259, 330, 605, 703
3259a07a955661b51082f2f933888eb62c277c22	5	78, 259, 330, 605, 703
32b20e2e4a46fd580d23448b072c81b5485ed050	5	78, 259, 330, 605, 703
339a0d276a2b216242c2828674e58e6043a4e708	5	78, 259, 330, 605, 703
33ed167a81021c403225f0a2784b295dd5b1b8c0	5	78, 259, 330, 605, 703
343600f4114e848d588d5d9859bdf3fd443435b5	5	78, 259, 330, 605, 703
343e3984f23f73a9bddca412337e8cb0a8b1d7a2	4	78, 259, 330, 703
34871c5be9a109c3b614832b75041a0ed707c53c	5	78, 259, 330, 605, 703
3531d9c04c877c0b195604c8ddf998fc766fff35	4	78, 259, 330, 703
35e74896ae9e706877f352900e1da61dd39e633f	4	78, 259, 330, 703
36c1af414476804938b36c743b45bb750e5fbc16	4	78, 259, 330, 703
372f3aaed2f789df34ea3641e592598ebe7869a8	4	78, 259, 330, 703
37bee74581cfc1b1ddb28ee5fe8da97bcd71c35a	5	78, 259, 330, 605, 703
38173ae71780f0cb7f44373867a2ec559b239056	5	78, 259, 330, 605, 703
383fbda0ae0e1d02c2e2f60105524be3b5e90fd4	4	78, 259, 330, 703
3879607757f2e2a3d4e48a342636d6d593a840a0	5	78, 259, 330, 605, 703
38a86ec7e01c90af667a359062203acda9c67896	5	78, 259, 330, 605, 703
390805e8d07b3fad28cdae33fcdc395dd64b7fad	4	78, 259, 330, 703
3ac45f0abeaf3bec98741d5ade7a8ede65476ac6	4	78, 259, 330, 703
3b30dcc70cca6430594bdb3e35299252866b8577	4	78, 259, 330, 703
3bb7a7a23404f65ed5da8768d88b6908c3444ed8	4	78, 259, 330, 703
3bec61ff69fc8cdcc84f9c029ad560d1ea4fbcd8	4	78, 259, 330, 703
3c4325afe6d5c1c126c7dd224f2ac827ec581e3c	4	78, 259, 330, 703
3cf2cf849273cceaf1c03fa60a71b6a9c92943db	4	78, 259, 330, 703
3d1956dc2fc6484701f5abaead8afa8092d4d805	5	78, 259, 330, 605, 703
3dfa18ae2365fc5eff32ef2bdb19b6225e9f16af	4	78, 259, 330, 703
3e14809acb04343810efd12f0d5c01b8473f02ff	4	78, 259, 330, 703
3e1a96516a2b5e7368684bb4eb3a31ac7aab6e93	5	78, 259, 330, 605, 703
3e2cccbb0d7a3835bcaea333f7fa8763e3cc4bec	5	78, 259, 330, 605, 703
3e628deb3a856696b8403dd2cda5afbb7f7e3b96	4	78, 259, 330, 703
3e6c93a026bcc6de9cd88b19bed186bded61fcbf	5	78, 259, 330, 605, 703
3e7bd31d8b5106addf7e638aca8b0147a6a1c7b2	5	78, 259, 330, 605, 703
3f34be3121be8fc7dd9225796a2efb01414539cf	4	78, 259, 330, 703
3f9aa455eb0888943bac337054cd0d317f3f4418	5	78, 259, 330, 605, 703
3fe1ae2a6750d3697ff63b648aaf525832887f56	4	78, 259, 330, 703
409ae684a7403a7a7a3a60c260a75b9909fdcbaa	4	78, 259, 330, 703
40c944c0457168749f66095e9b7e86f85c3fa709	5	78, 259, 330, 605, 703
416edfc018d94660091c930af7bbd6f808574873	5	78, 259, 330, 605, 703
41dbd32d78b8eca5063e0728354d8a605821ef1a	4	78, 259, 330, 703
422b1d16c1dd46a22ce971c6f2670603a22bdf97	5	78, 259, 330, 605, 703
4325f2c839e87da88ec2e8b19c9a643110918abf	4	78, 259, 330, 703
43ccd21b7087b6df47c468727c390e67cf1f2172	4	78, 259, 330, 703
44298eb10322cb73219ed2952ca6b2faa770220d	5	78, 259, 330, 605, 703
445ab2965c3574ddb023b4ef65ae9b79edc0450c	4	78, 259, 330, 703
447e02d9d89bbab2763ab99aac87ee5277b957bc	5	78, 259, 330, 605, 703
44dffaa1200845127b205fdd4c7d9b27d116e177	4	78, 259, 330, 703
451614b6620e98ab58a83b0c7a2c79aa941ea4da	5	78, 259, 330, 605, 703
4586252fffe94bf20795740605d8e3fdd47694ac	4	78, 259, 330, 703
463e9fb82bc6401efad8927a77ca67543e1f4339	4	78, 259, 330, 703
466a6751512a0951dd4b11703a547164dd824cda	4	78, 259, 330, 703
4741df44b4bed57d0e7326c33a3dec52a4c50183	4	78, 259, 330, 703
476fb94886a109a030a844e8fceead479f73470a	5	78, 259, 330, 605, 703
47f6013dd1fad4459f394f95c97ecb9ae4bb9e55	5	78, 259, 330, 605, 703
48072b41ace2c18636f965dc3ec40c8f79cbba02	5	78, 259, 330, 605, 703
48660664f952555aefa3122eaa26234ad63398f3	4	78, 259, 330, 703
48c1768d2f174c9a28042a439bc4a619adc58f0c	4	78, 259, 330, 703
48f287aff940b7f87bfbb0ac42bcd04bbf2372c8	5	78, 259, 330, 605, 703
4968dd62a794717fd3e45fd6754da358b0746f21	5	78, 259, 330, 605, 703
4a25bb28dd50bcdcfa3c09e1fa9a07d645581dae	4	78, 259, 330, 703
4a3cbb70bb254f8089c3a596ee220ff3f97f714f	4	78, 259, 330, 703
4a5aa070df3cf45ce9bbc14e0c6478faeeb59d46	4	78, 259, 330, 703
4a7234d4592166a1a13bc6b8e8b3b201019df23b	5	78, 259, 330, 605, 703
4a85c9a7e60e5a3f1a426fee432dfb020387d63e	4	78, 259, 330, 703
4abf64c592f00ce2c13bd11ecad1696dc9ea8e6c	5	78, 259, 330, 605, 703
4b2c85381cfd90191c0224ebb674dd2547a76aa1	4	78, 259, 330, 703
4b5ccf29e415eff67cf3b947df03da8dfc5bdd49	5	78, 259, 330, 605, 703
4c93de3eedc0f9e175ec4730092afa686615e619	4	78, 259, 330, 703
4d6569464a62a75c1357acc97e2dd32ee2f9f4a3	5	78, 259, 330, 605, 703
4e1ecd16249a86623b5e58cf7c79cab3899f6ac4	4	78, 259, 330, 703
4ecdba1ebb3ec42c6da7156ba94f32143cd37ffc	5	78, 259, 330, 605, 703
4f8ccdd7dd3152a02e43fab33face9ec26b16d2e	5	78, 259, 330, 605, 703
4ff61dda51a2b02e49699d97aee570b97d5c913e	5	78, 259, 330, 605, 703
508b9918eee7f10d6f2e494f3bfc713a014c7c9a	5	78, 259, 330, 605, 703
51f93c600bd2e20c33c46b014819bb1c5c0e429c	5	78, 259, 330, 605, 703
5224102d4ad414a12b03c6bcb3c7a98818a89fb2	4	78, 259, 330, 703
524e2a60ef382c871335f46167d84c90dc196fd0	4	78, 259, 330, 703
52b9408c98eaa8458083b27410c0c364406d6e24	5	78, 259, 330, 605, 703
52d835ec8a3dfec53c3cab23598be6f63da9addc	5	78, 259, 330, 605, 703
52e94a5624b2101e00ebcabf280265b9cea9c9ce	5	78, 259, 330, 605, 703
533d9be5e80dcbbbef4eadcb86079f83b679e706	4	78, 259, 330, 703
537e4fb48557dd73a87e9cba88be30195b6a1e79	4	78, 259, 330, 703
541a3fb4096fbb438dbd99ab3b50620169f3cd10	4	78, 259, 330, 703
5493bcda30f0b8ce390cf68de29f0dcdf0a17045	5	78, 259, 330, 605, 703
55877e7f7c62605e73465c20f2bd12af836bedcc	5	78, 259, 330, 605, 703
567c619b905f765039efddebcc897e38a423cf35	4	78, 259, 330, 703
581be000530d67b38038d140c457308ee0afd319	5	78, 259, 330, 605, 703
5898ae0e3450a585f3d35e23863bf5eac8cd465f	4	78, 259, 330, 703
59138dc3eebfd5e3c0fb9e550100e385e2a42830	4	78, 259, 330, 703
595d1070d70b98db06844c88ee0b6107f0a96fe6	5	78, 259, 330, 605, 703
5982b36dfc4ec51f6e8cf16845097a2bf6b640c1	5	78, 259, 330, 605, 703
599144db8849d2bb30e64b4c26f12583225340bf	5	78, 259, 330, 605, 703
5995c053b41d0aeb922db908053fc6a1604d13cc	5	78, 259, 330, 605, 703
59db1063715533ec752d12a8b66e62358678796b	4	78, 259, 330, 703
5b2de29f84959f11dfa36d2a3a3d5cb3182b45dd	4	78, 259, 330, 703
5d14ddf59082cb278cba1f85c142712879a11454	4	78, 259, 330, 703
5dde6a0f18af460642a363f57cfd431c1c4c8f66	5	78, 259, 330, 605, 703
5e08ff9c52b56952149dfa1e54ab063bf401a0a9	4	78, 259, 330, 703
5eab29c9311f8a42855bc6bb44e229ea1699bc82	4	78, 259, 330, 703
5f1a7863818b016a62ff03a45980f7ec8a970a07	5	78, 259, 330, 605, 703
5f5e08bd4b494061bc128af90c7e52167d0a933f	4	78, 259, 330, 703
5f9838d5f6fa3b206ed1e24cc510df25908f86a8	5	78, 259, 330, 605, 703
5fd35cad82ca009395aef07a38d2afc483353845	5	78, 259, 330, 605, 703
5fd9d6dad35cf00c6c1a2191bc5977a9e5a761c6	5	78, 259, 330, 605, 703
601202b4bdf4044f7f107ed4a584dc0703f3703d	5	78, 259, 330, 605, 703
617d2d5ad654b451aafadf90304358a0358c309e	5	78, 259, 330, 605, 703
618f783f39fec6c3c93a77ad605e20d1d22d3291	5	78, 259, 330, 605, 703
61fb4f4710884ff0fb200b5df226e5bd090b7081	3	259, 330, 703
62a13f2f7322648ace59ec7e19db0d2bfa5002b9	4	78, 259, 330, 703
62a3ba2b0be48e9ed5f6de5ec831c30f0824f53a	5	78, 259, 330, 605, 703
63456500d096e7129756bd6bce9802a171e3804a	4	78, 259, 330, 703
6354b689e3b44275451041d13f323394081a94a1	5	78, 259, 330, 605, 703
638b43caae6bf40954dcce4d7d8c271105ae8b79	5	78, 259, 330, 605, 703
63fa0a24f103dc0e26b55edf75d901de82e37844	5	78, 259, 330, 605, 703
6440664a31822686b4fbf8282a7b34fa5d51118c	5	78, 259, 330, 605, 703
65015dc0b254619670e6d09e1f1d58088c8ed1a1	4	78, 259, 330, 703
65cc8551d86d7e065069d165dd8bf9baf10345a0	5	78, 259, 330, 605, 703
65f9a6dc851f98c9e3f9600714bc67040216a9ff	4	78, 259, 330, 703
6636026bde2ea0915c28201d802070848d362bb3	4	78, 259, 330, 703
665b169fc96e78e2f9a495a24a64f753dfa09dc1	5	78, 259, 330, 605, 703
66bd429fb0f01f196e8ddfb9af053b834a973b7a	4	78, 259, 330, 703
66d7f97f2ab37a2c23dfcc1946c62c136a5086fe	5	78, 259, 330, 605, 703
6731c211ab00058bce0072e61aef8eb00b0b9ea3	4	78, 259, 330, 703
677ad091ef5e5d0d10f18e50e231ba89e4a13c65	5	78, 259, 330, 605, 703
68be49ca496afe1f084bfc93e67247a27f0519fa	5	78, 259, 330, 605, 703
68c2661ab7d3c8567a97263170f8abddc2a56da4	5	78, 259, 330, 605, 703
69887e45db5dac7010a46e926f33ad613b67c02b	4	78, 259, 330, 703
69d4b7dc2988ce34b92772a04558aeaeefd63019	4	78, 259, 330, 703
6ad74b6be9e3a02f5e992af368db4c2dc51d9808	5	78, 259, 330, 605, 703
6adcb360cd11108ae30dfca945e85fd3d35a869c	5	78, 259, 330, 605, 703
6b662a108196b09c25fdc1ef27a553296b917cb0	4	78, 259, 330, 703
6c54611213d0b6a0615f503dceaa962302f5f071	5	78, 259, 330, 605, 703
6ce5feaa745e2c94ac58f8c9f1853de9138aabc7	5	78, 259, 330, 605, 703
6db016127058c7bb525ce54a45785f10c8bec356	3	259, 330, 703
6deede63d5659942392f9754af8b76246a3c2669	4	78, 259, 330, 703
6e7e1f26350c2538a0ed6384e6a3332797fe9bc0	5	78, 259, 330, 605, 703
6ea119908187c9c68ffb46515e42a2afdffea386	4	78, 259, 330, 703
6f1fc9fadd76cb194183e98cc03587c30d93eb8e	5	78, 259, 330, 605, 703
6f74d6e8da91e9ff056fb6c6b0d640ed13a3793b	4	78, 259, 330, 703
6fb00bc3a9aa9ba99ffb2ab16835c5f1bb67a438	5	78, 259, 330, 605, 703
6ffea922e0bfa62755516f64b70f497576ffa21d	4	78, 259, 330, 703
7003f05c61fd94d04ec2f43c6369f61f936ef67e	4	78, 259, 330, 703
711f9781407ed33ccc928e00a4a2670c7317657b	4	78, 259, 330, 703
715b38a58f8a3785d9215c9dc19b51737d7d06b7	3	259, 330, 703
716c78740a5a10b0456262a9ea249aec07957ffb	5	78, 259, 330, 605, 703
7370b8d36af5dc26489f472f9dbe90dd16cc7a79	5	78, 259, 330, 605, 703
73918832b93840b452c9db34446b7382de83e912	5	78, 259, 330, 605, 703
739f299751a7004f7875627122bc389dd6a7fd37	4	78, 259, 330, 703
73ab539aa1c0bc6c9b02a5a8ccb0fcbf7c53a098	4	78, 259, 330, 703
74566a34dd8e04e3cb9f44d247cef057151d9d7e	5	78, 259, 330, 605, 703
7520795db8a40f40942454116357d2b9262a552b	5	78, 259, 330, 605, 703
763221d7bdd925da7a7285f9d88596dd8e546fb5	5	78, 259, 330, 605, 703
76f5bb0959773c5114bd039e4030632c7a53f0d7	4	78, 259, 330, 703
77054e71123a7d65485a92c85a990301475e8152	5	78, 259, 330, 605, 703
773564a743f1878efc0e54e366002493cc66ba6a	4	78, 259, 330, 703
7760d36639bb22a54d7913c3b49f01d744b44c6d	4	78, 259, 330, 703
779bc2fb4515cdff8e927cdbadeb2fdff7f426bf	5	78, 259, 330, 605, 703
77cfed5c2a67cb81d3f3cf3650f190231d0b932e	5	78, 259, 330, 605, 703
77e8af74c58d0d0ba20507b49bd3e6f58de84dcb	5	78, 259, 330, 605, 703
78fc4a0535cdfd0669f1db60087a5ef706fc7ac6	5	78, 259, 330, 605, 703
7a1e7250d248cb098db6b06e28df50564006f806	5	78, 259, 330, 605, 703
7a21ac55c064dccbb6dfdb29cea4c36c05cbfa1c	5	78, 259, 330, 605, 703
7a4de8dd99f720cabd5b085a421257fa88ca15c6	5	78, 259, 330, 605, 703
7a859d2cf46b4222ac30153bb245b26de53af352	5	78, 259, 330, 605, 703
7cbe6e1b6712d139b8859489405fc95be822c829	5	78, 259, 330, 605, 703
7cdd4170947e39a8d206b4b329f18140a66413bb	5	78, 259, 330, 605, 703
7d70e39c012a9fc8b0a94813786f85626b093941	5	78, 259, 330, 605, 703
7d72c6d545b8425cc0a124ab789afc7bc0b66442	4	78, 259, 330, 703
7df8a9f65a9353093f91d820e297aa40908eb4cb	4	78, 259, 330, 703
7f4e4afbc8b7ba27087ff91be566757d756ae289	4	78, 259, 330, 703
7f7e307976831e55b41cf7d32fdaf375bc6ae82a	4	78, 259, 330, 703
7fede979630a2897322a61f7ecf445a71e6df9b8	4	78, 259, 330, 703
804b25e944ccfc4f50e325989ceed009a1e3f76a	5	78, 259, 330, 605, 703
8089750d5dccadb0603068eefec869df4f8360cc	4	78, 259, 330, 703
8149be50969a3ef587d938f029c5bc56169493bf	5	78, 259, 330, 605, 703
816bec01d51a93567db6838f5afa57913ecc538c	5	78, 259, 330, 605, 703
81a19a775829fdb2d8c968fc1d2b09e3d0eb6d1f	5	78, 259, 330, 605, 703
81d0e4d81ec55a0c9f5d5f9f7dcefe27e4f9db53	5	78, 259, 330, 605, 703
81e78536d4cad1519d5ffd18b79b616ec53f63bb	5	78, 259, 330, 605, 703
82500bad28b9773e62ef8d6d629d574d5c0156ff	5	78, 259, 330, 605, 703
8261cbad9aaf35d8360760f22ca2541eeb31e982	5	78, 259, 330, 605, 703
83023ff608d345c00dfc39981a967ebf1efd984e	4	78, 259, 330, 703
83cbdd98a8582dc0bccbcb061e2307e779978b1b	4	78, 259, 330, 703
844a50456627943ec9c55fd604cdb5316de41443	4	78, 259, 330, 703
84966bd17e283a0308524bd18ff1a5d5636ced34	4	78, 259, 330, 703
84b1415527ad319964a2f43aa09667e759fd32ae	5	78, 259, 330, 605, 703
851dcb50202f33d88bf1b2952fee0f3b95dd446b	5	78, 259, 330, 605, 703
852a151673ddb2f182f522241250637a971a0136	4	78, 259, 330, 703
85ea0b99caf7dffb1e8bcb7d94bc626679890c3e	4	78, 259, 330, 703
860229db2eee60cb8a113757a82cb04c05ee4386	4	78, 259, 330, 703
8694de54ad1efdc0c1ee5823e46cdc1370c9f2ec	5	78, 259, 330, 605, 703
87eae9a25751a13d4ef48860fffa4df0998356eb	5	78, 259, 330, 605, 703
887a5bd1b9593219bcfcc06318e7b0ab561e91b9	4	78, 259, 330, 703
89aabdeead94821e92c2188610ef9c3dd7447cea	5	78, 259, 330, 605, 703
89c1daaf04ff893ddad7e3d936c2ab3456abdbc6	5	78, 259, 330, 605, 703
8a51db21efec6c67cabe0666cb36cc8317012aea	4	78, 259, 330, 703
8aa29d7636cea5451a7a4f147a9f43a92aaa5b71	5	78, 259, 330, 605, 703
8b295e7c97f347aec695a9b9ded60e5fcb2f56a4	4	78, 259, 330, 703
8b40ed487ac0f24469d96098bd8556a3235e7db5	4	78, 259, 330, 703
8cc1740d560538fd9494617164ebea5256e3c246	4	78, 259, 330, 703
8ebe8b55c9abfedce1f60c16b9f283dce3133db5	5	78, 259, 330, 605, 703
8f68ac88333400930c3417d37ff30e9dc72b8b7c	4	78, 259, 330, 703
8f6e5f0aa54fe82c00d677cda2f8bef345f001ad	5	78, 259, 330, 605, 703
8fdc37b5630364f901a8fe3054054230fd7b8a95	4	78, 259, 330, 703
9034015aafb6d05202b434f897c9340f1817ecfa	5	78, 259, 330, 605, 703
90fafee4bae4ec3156852d741a8e9f7f22040d15	5	78, 259, 330, 605, 703
913329fb1512de3b140620449d0580592c9f0482	5	78, 259, 330, 605, 703
91b0e29a602a8a186423bf7528a1c13050994883	4	78, 259, 330, 703
91ff5306ae49fdb233d8d4909adf6da2ce0ea9bb	4	78, 259, 330, 703
9283343b2962ecc65d5cae97cdc20ea86e28d587	4	78, 259, 330, 703
92b361233810723fa60c22d99a28b9a79d2ded33	4	78, 259, 330, 703
93b14ab8c8bd4da6855672f27045888e5f58d764	5	78, 259, 330, 605, 703
942c027097be7b65b747cfd5efd92bab5c01048a	4	78, 259, 330, 703
94c1d2876085be42ae6cc43f30df80a27aa49998	4	78, 259, 330, 703
95ad7b225a31cc3e123c9e3982b2f833e6ac5a73	5	78, 259, 330, 605, 703
966cece43ef611843678e3be2739bdea0524407c	5	78, 259, 330, 605, 703
96d4ef4f35f96e3402d3cbafa412c54353f42f92	4	78, 259, 330, 703
974103163b51534c2fb01795bf1628dd916770a4	4	78, 259, 330, 703
9787aae0a19fb1923bbf87c6c67e8b7fd0d96f85	4	78, 259, 330, 703
97e5e85cedd11ce8353a4f68edc5dcd943e061fb	4	78, 259, 330, 703
980d95388dab87c96ab1c774aa33d83a487db767	5	78, 259, 330, 605, 703
996de2744b87f232198b43e03069e21d25c00672	5	78, 259, 330, 605, 703
99c9d219b2d9f0537cddefa703f4760da1792416	4	78, 259, 330, 703
9ae0cd03f23a7ecf9e0498854f045068d9e84ffa	4	78, 259, 330, 703
9b1a4978ed776b5d3d8186153ad50dd812d802a5	5	78, 259, 330, 605, 703
9b320bfc972cf8d5e7b8d6b27464ccc527b1da66	5	78, 259, 330, 605, 703
9b6b2523096dc2dfa8f6efe9016b1790ee4ecc47	5	78, 259, 330, 605, 703
9c1d282e13bc346242167402cb27dec84283499b	4	78, 259, 330, 703
9c862398091da236756e7b08e41aa6424ff9333f	4	78, 259, 330, 703
9cebd7a2d8a6e99c8bf5ec1595ef17d4bae97667	5	78, 259, 330, 605, 703
9d1bd8911cf52825e8432fad8e768dce881392a8	4	78, 259, 330, 703
9d785db307be8a329f500538606ffc67ca27552b	4	78, 259, 330, 703
9e1db997dd40e6073e3b7e6d2f0e616584493323	4	78, 259, 330, 703
9fb8ce4422d213888394d95c61896c0e71e77547	5	78, 259, 330, 605, 703
a0037cdd7fbacdc1f4e594ea297234935da69e2f	4	78, 259, 330, 703
a0cd48b16f2e7ee6d68ac44d982184cf2552a26f	5	78, 259, 330, 605, 703
a0e9a9757081f78d4fbe1eafe0b553bc7075bf0e	4	78, 259, 330, 703
a138d938f8864e1dccbf196e684ceeb06caa9df8	4	78, 259, 330, 703
a15d058ce3a1e71f11900e10cb54bb13f9aeab33	4	78, 259, 330, 703
a1d5099e71da80dc7125818060f0599941714728	3	259, 330, 703
a289b6bf1ce2e286627ddd077b12d2e71f4030f0	5	78, 259, 330, 605, 703
a2d9bbcb621463d14597e17fb532985788929b20	4	78, 259, 330, 703
a2f55985a4dd8726f1471e0b7aa6e0e346426452	4	78, 259, 330, 703
a3109408486ad22ddb563e6cd2f5b0921233543c	5	78, 259, 330, 605, 703
a336ee8f6595ad0ef14de6acbae765b36af7c5ba	5	78, 259, 330, 605, 703
a532648c2c8c049a4449918780abad663f989777	4	78, 259, 330, 703
a68ec8aa789b3e5f27bcc2978eb0166ab455218d	5	78, 259, 330, 605, 703
a8545b37740258a87ec443c51c0e05c819e70101	4	78, 259, 330, 703
a883c959c5c0d364c136fbf54cf54db89054ec33	5	78, 259, 330, 605, 703
a93acad6f1a5c66f3f0938d9b6d0279cc1db1c72	4	78, 259, 330, 703
a941edcef3eabf1ee97f2bef5a1e62ccfb4c4b75	5	78, 259, 330, 605, 703
a9787738f1b6808d7eb979a9f42d24d0e540802b	5	78, 259, 330, 605, 703
a99878eeb0f3c6d9ee9ff479b37923dacfd5bcd9	4	78, 259, 330, 703
a9aad224d6875e774cd0f7db7e30965ea6a3fbdc	5	78, 259, 330, 605, 703
a9e57d459557f0bcd2bad1e8fac302ab72d34fe8	5	78, 259, 330, 605, 703
ab1117ad7496129862059c69d8b029ccf62b9c5f	4	78, 259, 330, 703
ab5de86b01fd7a8b166aadac92db056f8a048928	5	78, 259, 330, 605, 703
ab5f01db209895abd424907514077fb087cc8d4a	5	78, 259, 330, 605, 703
ac1718e16d83203dec6d3214690c84117d50d022	5	78, 259, 330, 605, 703
ad22f7e3d7f2bb7b07e5d56aa2d699c4a34c63b6	4	78, 259, 330, 703
ae3824422eac2ba796ad117fd7f8f77a5bb9e08b	5	78, 259, 330, 605, 703
b02e3bfe362a68b05f5880a084dcb86a9cf889da	5	78, 259, 330, 605, 703
b09ca797eb67c09c315746024b8155c9f591c013	5	78, 259, 330, 605, 703
b2bb03b9eac168f51c059d0032259cbf785f3210	4	78, 259, 330, 703
b39f4e52d06dc64706a8f9eec3adb5e5744a573b	4	78, 259, 330, 703
b43156120092dd5a42a1d94ed00cfadd522d9f93	4	78, 259, 330, 703
b44a5d437200ce8476884841e28d34c1c7de5b18	4	78, 259, 330, 703
b45667021cb196e4bfe95596ef231c5d8ecd45de	5	78, 259, 330, 605, 703
b47e9d627160e42cb7a34920da4cf50f7c517a96	5	78, 259, 330, 605, 703
b5b4e96b042ae24dce3171205e146352968c9265	4	78, 259, 330, 703
b6dbcfbf8b12883a257df1e609d28042f8ca00b7	5	78, 259, 330, 605, 703
b7343c99a508f17a75c8e4a6f81265ca1b907bd3	4	78, 259, 330, 703
b7d5db16a1534fe116e85dcc8451ee669158539a	5	78, 259, 330, 605, 703
b905623fd950be879d8940b3892b016407378f8c	4	78, 259, 330, 703
b928e1fc93c14f9fa656d5908f724d02c8c2e54a	5	78, 259, 330, 605, 703
b9bf25f5b6675b1fff04e7131b5b4e5c58e6ef90	5	78, 259, 330, 605, 703
ba45a71f904e18ab3a1c5154baf9cd2f8ce21f4a	4	78, 259, 330, 703
bab335a47869e5dbc62e18148fd0693e54f9e0fb	5	78, 259, 330, 605, 703
bac3222c1dd51741887a2187ef0be10e8902c5af	5	78, 259, 330, 605, 703
bb9d6c195665abbcd2e52d2e712d8632142b7fa7	4	78, 259, 330, 703
bbad761657a710224ef147f95df6c83a4da04c0b	5	78, 259, 330, 605, 703
bc0b1d33aad8e07bc6f35c54d1b5ace01ea92a9e	5	78, 259, 330, 605, 703
bc79fea47a6f440d697874385b07d2283f2d0b26	4	78, 259, 330, 703
bc850daaae8f330167191ec6bfaa53318009454a	5	78, 259, 330, 605, 703
bcca8b5ce970584624521908ef679fb70beb1f04	4	78, 259, 330, 703
bd62587d18d73a643c214aac8c573a589a26826f	4	78, 259, 330, 703
c0d152527dbd6be842bcf8ff46749a30aee8ae4f	3	259, 330, 703
c0e5404a3303a4def1816f336af10eb56fd6a19c	5	78, 259, 330, 605, 703
c117e195f0fe51b0d36754f842b32ca352b14af1	5	78, 259, 330, 605, 703
c12305ca4ba67d06b6448fb9be17f592a93e56e3	5	78, 259, 330, 605, 703
c1682b112434dbb5626b44f6a72a9b5d427b9158	4	78, 259, 330, 703
c28dc4beeaa5fb346bb700a0ea912a12b1f3e7bd	4	78, 259, 330, 703
c2f085228e5555fa67ebc1608c279ade93bbdbba	4	78, 259, 330, 703
c343b7a70957e9dcbdc51e7f514e1eedde1ff356	4	78, 259, 330, 703
c36a410a9ebe7c8f54719a7bd853c9a294e09d15	4	78, 259, 330, 703
c3bfeab12c7163a6e7dce97840fa7b81b4f2bc16	5	78, 259, 330, 605, 703
c4307ceacef5bcade4f1f59240da18b55488f404	4	78, 259, 330, 703
c50beace87549827c0da4bbd05488159716a21f7	4	78, 259, 330, 703
c55f64ab49d833a029e575af95fc66dd114b2064	4	78, 259, 330, 703
c5d3e2d2766865ed14269c868bf1ad9f6a8a5c4a	5	78, 259, 330, 605, 703
c611fdadefa458b149fd1e6b48bd78899c5a41d5	4	78, 259, 330, 703
c675bebdb6fa2848b005fd57b7ab926f00fce2a5	5	78, 259, 330, 605, 703
c6d4b7340d8e6ca333da697177d688fecac65884	5	78, 259, 330, 605, 703
c79d058140c483669665e334bb1bb5be6b45dfe1	4	78, 259, 330, 703
c8e0a5068a94117d3fafa02e5ef09403274ccf0c	4	78, 259, 330, 703
c956556353231812020f8b68729ff9be2b7388d4	4	78, 259, 330, 703
c9af948d72db12db75ca8c67c3ffe9d229736f0c	3	259, 330, 703
c9cfdef3a04e317a02381c4f80053533fa8b1d37	5	78, 259, 330, 605, 703
c9efa52ec15d46805116aa516143b35667c1f1a3	4	78, 259, 330, 703
ca21399efac9a8b755e29b5ecbf97acac4b0885b	5	78, 259, 330, 605, 703
cab46bc97eb059e19c3f0ccd71249ce36e10e63d	4	78, 259, 330, 703
cad4754bc71742c2d6fcbd3b92ae74834d359844	5	78, 259, 330, 605, 703
cd2be8952f304b855ec1b092bbfb69162d01325a	4	78, 259, 330, 703
cd4f9c7562e79087031c6f040ceaf128f23c6a77	5	78, 259, 330, 605, 703
cdae90c04847db53a60a85a6be398b412574be7e	5	78, 259, 330, 605, 703
ce3932723c0c5a7ab147034f0285f21ac3313961	4	78, 259, 330, 703
cf9b49217712ffc2df69695bb373712d92db2328	4	78, 259, 330, 703
cfc413232bdb82b696acf8272cb083e46e8527ef	4	78, 259, 330, 703
d0464ccc31ffdf782eb176af7e03c4864d92d251	4	78, 259, 330, 703
d05237bc0e2f515c7dc25f0a4372d36994fee9b1	4	78, 259, 330, 703
d0feda121f9b4140363aad94e62dc1891710058e	4	78, 259, 330, 703
d17793d1b55165560cba9a3a105648ed6021afd6	4	78, 259, 330, 703
d1b0999d08a6788e3b5775a8e288a710e4320fa3	4	78, 259, 330, 703
d1e19564377e09bd275aac2505e124f728c055e9	5	78, 259, 330, 605, 703
d1e1ccb4dcc9905b2a27b7adcc6e7b400b65419b	4	78, 259, 330, 703
d2233f60337d8b02574f9896c38c0bdf6217d311	4	78, 259, 330, 703
d31ec0a453b6f8091996249de10e35d089035637	5	78, 259, 330, 605, 703
d38649eaa006b30fa4faee6a7571068fded559e7	5	78, 259, 330, 605, 703
d3bc526c253b74708275f7aec83419e6951548a8	4	78, 259, 330, 703
d47fe907bb4db803016553f4d11bc5368913fc67	4	78, 259, 330, 703
d4ec1edc38338bf101708e453e1ae657e2d1a02a	5	78, 259, 330, 605, 703
d54f4a5628c2ccf8b7b358017c74377defd2773e	5	78, 259, 330, 605, 703
d5ded338b148de000341ae9acb946138ba84190d	5	78, 259, 330, 605, 703
d60b4593fcc540f3df8a075e1bdf040316401e94	4	78, 259, 330, 703
d6872120028231431b02c0fbc1a70ba69d90e522	4	78, 259, 330, 703
d6ca8b030ce1a0c1116d85055d6e60454b77bddd	5	78, 259, 330, 605, 703
d71bfe14ef13224f6a2659570555e16b47a40e60	4	78, 259, 330, 703
d7ceafc0497022276521f42e5686b0361f73f7fe	5	78, 259, 330, 605, 703
d82eb49d8aa2e2c9815bd484bc4c741df0a2d5b7	4	78, 259, 330, 703
d890b34ca2acd46da8c473c0ea09a0c4359a19d1	4	78, 259, 330, 703
d8a0e206431b10e918fbb095f185ee23f3bcda41	4	78, 259, 330, 703
db0a10f4fd8969f7a36877b2258c06ef0957e8a2	4	78, 259, 330, 703
db43efdb2e809043f81d6758ce541ead91d06314	5	78, 259, 330, 605, 703
dc0301388f528cdda0aa7f2b57f8fa32261c2e38	4	78, 259, 330, 703
dc967b5d11de5d6b708bf7bd82a491f13b02c0a2	4	78, 259, 330, 703
dd52a82e733fe209758c0b44a077ba421c77da91	5	78, 259, 330, 605, 703
dd6567a03af84b3571c0adb7723b13a4fa519b6c	4	78, 259, 330, 703
de286fda83051b981d2c8745086579b43d138887	4	78, 259, 330, 703
de2ee0f29d36d69a7e34eb9c5e30515f9a852dd2	4	78, 259, 330, 703
dec867e8329d7bac74424039a693633d6e119b16	4	78, 259, 330, 703
df0cb82d2beaa920d54921f221ca55079abb5684	4	78, 259, 330, 703
e0cc8c339e67f31cea92a57eda458387e6f82b09	5	78, 259, 330, 605, 703
e1eb4bda0d2e26dfd644707375ddafb46ca0256b	5	78, 259, 330, 605, 703
e24247fb1455bc2d1ddfcd5d8923f9a35cd2a27a	5	78, 259, 330, 605, 703
e2e9fac5c3919522120a582e146e24603603c837	4	78, 259, 330, 703
e4097fc77139abde6311886c2a7792d675e5f805	4	78, 259, 330, 703
e414353a85a64cdc6f01a6ed601c41bf4bfd790e	4	78, 259, 330, 703
e48210cb66c0c8007b83625cf14824a75a6ecefb	4	78, 259, 330, 703
e584a1d093117d87da1f7ced2c528383a1e5ffe4	4	78, 259, 330, 703
e5b8a3a7a7d5deaebf18d1facf3d31bb26e2888a	4	78, 259, 330, 703
e5b9faca86889455b03b573b17802c648b75a5f7	4	78, 259, 330, 703
e5c4699cccbc9b5e02afa8c03b7b098bcef548c8	5	78, 259, 330, 605, 703
e5e845c30858cbc96433b256078280be28f18e0c	4	78, 259, 330, 703
e5ffcb4ecd85c2f08dc53e107713390d2b61e1ee	5	78, 259, 330, 605, 703
e63bc4d78042f5e469d966402b517214ef7ea70f	5	78, 259, 330, 605, 703
e651b18e0640a4ea0d9577724ef639d09e7e9321	4	78, 259, 330, 703
e685f8d3798ffeb0f4b91c4e40390748b8fc7c47	5	78, 259, 330, 605, 703
e6d4b514897d88acb0976ca3e052a0b0f404f6e6	4	78, 259, 330, 703
e6df88755e27825fee34197ca33284bf2395cbb9	5	78, 259, 330, 605, 703
e6f1dbe72e6ba1bf4b4e72053b12254f8988f97b	5	78, 259, 330, 605, 703
e73e7dfaf1ede696db3112589d2c2417726f9957	4	78, 259, 330, 703
e84c34422a0956a7fcc9d0fe4bb48b0a1c57878c	4	78, 259, 330, 703
e9c28af6d0384f91c96c293ec3a1d05b6f61b0ea	5	78, 259, 330, 605, 703
ea43887ee9f9ce94ac1c0337e2e45c1d90331fa6	4	78, 259, 330, 703
eaa9537ed35b33c26f23507687629cb2ca71fa8d	4	78, 259, 330, 703
eb2cdac4e6b66cdbaf76f19e3f8d22544881e877	4	78, 259, 330, 703
ebc8de44dbc17608155f110723d17df14a21c305	5	78, 259, 330, 605, 703
ebf96fab3670b42ed373c221224a8d4b17148ff3	5	78, 259, 330, 605, 703
ec4d1363fe89ddc5dd5b53fc9b9a4cd8e537c612	5	78, 259, 330, 605, 703
ececfc5af783803400241fa5d03c476e2aca7889	4	78, 259, 330, 703
ee3c59523be073e6a8e9a420919ef75c38ffa0f9	5	78, 259, 330, 605, 703
eebccffe56f4960ea8733d2b24db08562827ff6e	4	78, 259, 330, 703
ef63e5329a02022d1f2a0dea27af9b367f6e2cf8	5	78, 259, 330, 605, 703
efb2c2229c6b4761a22bdc9b7b82a8ab6f6619db	4	78, 259, 330, 703
f32a5eb5b24397d43c028b25ec3ca7c30136c889	4	78, 259, 330, 703
f374a74e32bcb3ee4e94987a96457f5a62e7fbcb	4	78, 259, 330, 703
f3a4512fc056175612ad4bfb13240743591d3830	5	78, 259, 330, 605, 703
f438cd39375bcba65cb594cb37290f0aa9cd69e5	5	78, 259, 330, 605, 703
f4b346c78ec92376b264e64be4b11ae36e621074	5	78, 259, 330, 605, 703
f5ce7be45b651ee96834d2fe7fabfbb92e2da355	5	78, 259, 330, 605, 703
f5fec1231f5c6212fc5c5faf7e42780da721fdd9	5	78, 259, 330, 605, 703
f6954c54f84044bbb276ba22c6a0cda4824cac13	4	78, 259, 330, 703
f6aa8d6a47f145bfb7a1b5b1bac38ee859238455	4	78, 259, 330, 703
f71d1d21e8f1e0f77fdcac3632a1ee22a56781f7	4	78, 259, 330, 703
f81bb05da571da8f3a4a4f3078f8e5fe4c14d23a	4	78, 259, 330, 703
f84a0d4c21c702adf6ff1363cee8ba0a70ef4081	4	78, 259, 330, 703
f88e4999bdf41c9bfb21165b6a7fb1725dedb7a4	4	78, 259, 330, 703
f8cae20fd90c434c354f283fbb6ab4a0b5cdd287	5	78, 259, 330, 605, 703
f92c5e3b374b85e237de8b4bba28a9afee95d29f	4	78, 259, 330, 703
f97363b8e6b2a596d7f04caa0a147953c324f8e8	4	78, 259, 330, 703
f9bb8a072f1b31310a8ab60d657abc491c00c523	4	78, 259, 330, 703
f9f8746993576d1899493a7f0ec8a4fe6765e46b	4	78, 259, 330, 703
fac67d6c828398171938754e810a36653c457bc5	5	78, 259, 330, 605, 703
fbace843f6febaea28f35511035c8c997ba0fdab	4	78, 259, 330, 703
fc21b75da6d9161d185dd83b51e7d9db608220b5	4	78, 259, 330, 703
fd86fd1e8a1ca585562382db59603ece58a31112	5	78, 259, 330, 605, 703
fddd3baec9a9806d8f5edc2e3aabd168c2866218	4	78, 259, 330, 703
fec7a5b09f696caaf042ea32358666239fa72a35	5	78, 259, 330, 605, 703
feceb6c4912f36900cefb2da15e6bc6c3e31b4a4	4	78, 259, 330, 703
ffe1c210b1e5687c6f996297b91d74abb5f82478	4	78, 259, 330, 703
